sale_id,sale_date,store_id,product_id,quantity
YG-8782,16-06-2023,ST-10,P-38,10
QX-999001,13-04-2022,ST-63,P-48,10
JG-46890,05-07-2021,ST-26,P-79,5
XJ-1731,20-07-2022,ST-15,P-24,9
FG-95080,18-03-2022,ST-35,P-69,7
II-3954,19-04-2024,ST-28,P-45,10
ES-7238,11-05-2020,ST-3,P-24,6
YO-701453,27-03-2023,ST-73,P-9,7
JB-46303,31-08-2024,ST-14,P-29,5
QY-9761,14-07-2021,ST-44,P-24,1
RR-9679,15-11-2021,ST-58,P-54,9
PT-825391,10-08-2021,ST-7,P-62,8
JY-9420,14-05-2020,ST-62,P-47,9
WB-9150,04-11-2022,ST-18,P-57,7
UN-941274,27-10-2023,ST-10,P-87,4
KL-629620,29-05-2021,ST-70,P-52,7
LH-1755,28-08-2021,ST-34,P-36,3
LK-385613,21-07-2021,ST-17,P-14,6
JM-75607,27-10-2024,ST-69,P-12,1
UJ-07947,08-05-2024,ST-20,P-4,6
BG-145539,24-03-2023,ST-72,P-72,8
NY-82428,04-10-2024,ST-8,P-64,10
HL-0239,13-03-2020,ST-17,P-23,5
VT-954957,26-03-2024,ST-60,P-9,7
KE-5276,06-12-2021,ST-29,P-89,2
DL-0438,29-07-2023,ST-54,P-31,6
GN-099683,22-07-2024,ST-25,P-9,1
KD-9288,27-03-2023,ST-53,P-26,10
KZ-5319,18-10-2022,ST-43,P-82,6
HL-8173,10-09-2020,ST-7,P-29,1
SJ-237458,02-01-2023,ST-55,P-60,7
CA-4116,19-02-2024,ST-72,P-70,4
YD-9562,24-03-2024,ST-66,P-25,5
AY-284049,04-08-2021,ST-24,P-76,6
JK-48840,17-07-2023,ST-36,P-28,4
DG-41810,29-07-2022,ST-55,P-30,1
GA-51592,07-03-2020,ST-1,P-73,5
XR-468203,21-12-2023,ST-55,P-29,7
PB-49088,15-04-2023,ST-51,P-39,7
NQ-18124,18-01-2024,ST-14,P-77,9
KW-685823,03-05-2021,ST-35,P-53,6
XW-88833,15-08-2021,ST-26,P-74,1
GS-514137,16-03-2021,ST-15,P-77,4
XZ-59032,07-07-2024,ST-5,P-81,5
TV-7529,25-08-2021,ST-10,P-41,7
PN-2930,28-09-2022,ST-40,P-38,1
MO-0340,01-04-2023,ST-7,P-5,5
AJ-06146,09-05-2024,ST-23,P-34,9
QY-3310,20-04-2021,ST-74,P-36,9
GP-0357,15-06-2021,ST-59,P-8,10
WF-7320,12-02-2021,ST-72,P-30,1
TY-94722,26-04-2021,ST-7,P-37,4
IY-24756,16-01-2024,ST-47,P-55,1
QG-736417,08-09-2022,ST-67,P-19,10
FL-9609,14-05-2024,ST-70,P-52,4
JC-31529,15-03-2024,ST-1,P-31,2
HA-2666,16-03-2024,ST-72,P-66,8
SO-324887,04-10-2023,ST-56,P-20,8
OQ-95189,23-05-2023,ST-27,P-63,6
XH-3411,23-07-2020,ST-67,P-74,7
JF-8355,18-05-2020,ST-50,P-78,5
NH-656788,10-01-2024,ST-73,P-16,7
VT-69104,15-03-2024,ST-57,P-55,8
SO-60574,11-01-2022,ST-20,P-45,6
IA-66554,27-07-2023,ST-75,P-26,8
MD-2087,20-04-2023,ST-9,P-35,6
CN-1026,16-09-2023,ST-63,P-6,9
RS-471854,28-09-2022,ST-31,P-24,6
SV-63203,12-11-2020,ST-73,P-39,6
TZ-663653,26-01-2024,ST-8,P-83,6
RD-066638,15-03-2024,ST-59,P-23,6
XG-052506,05-02-2022,ST-36,P-73,9
NI-845862,19-01-2023,ST-22,P-37,2
ND-096052,28-08-2022,ST-22,P-37,9
LW-55109,30-04-2023,ST-5,P-72,5
HF-13620,01-11-2022,ST-19,P-22,10
CA-6813,29-09-2023,ST-34,P-49,7
TW-7702,16-01-2020,ST-20,P-21,4
AQ-91241,10-01-2023,ST-58,P-84,8
UV-7022,04-05-2023,ST-8,P-30,4
JK-683660,11-05-2023,ST-53,P-70,4
JY-576850,24-12-2023,ST-47,P-85,4
YF-4837,10-05-2023,ST-44,P-34,4
BQ-880657,14-08-2020,ST-68,P-37,3
KT-69841,29-03-2020,ST-8,P-87,6
VV-767827,16-02-2021,ST-7,P-41,8
IO-1904,21-01-2023,ST-48,P-43,10
DG-183369,28-03-2023,ST-70,P-20,7
TN-78052,18-09-2020,ST-67,P-61,10
GB-488519,19-05-2022,ST-34,P-58,4
LB-17602,30-09-2020,ST-67,P-68,8
WR-243901,23-03-2020,ST-12,P-8,9
WY-192032,19-01-2020,ST-59,P-36,7
SH-6365,20-02-2020,ST-64,P-25,3
HE-35311,10-09-2024,ST-64,P-71,9
FC-45009,02-07-2021,ST-45,P-19,1
RH-38253,16-07-2020,ST-54,P-25,8
SE-09386,28-03-2021,ST-18,P-7,5
AW-4646,13-01-2021,ST-43,P-40,3
ZZ-561286,25-11-2020,ST-62,P-48,5
ZZ-98411,28-02-2024,ST-57,P-9,10
AJ-69063,05-04-2024,ST-54,P-50,4
XV-90891,28-07-2020,ST-32,P-46,3
TF-94175,11-02-2022,ST-55,P-84,7
WX-223461,02-11-2020,ST-5,P-25,5
QC-240686,19-09-2023,ST-46,P-57,7
HO-241059,25-09-2020,ST-69,P-43,8
IX-372870,14-02-2020,ST-7,P-51,3
DL-474435,01-04-2021,ST-42,P-37,5
LK-0987,26-10-2023,ST-6,P-72,9
CN-27238,09-05-2024,ST-21,P-29,4
CY-799721,29-11-2020,ST-30,P-10,7
AS-09831,11-05-2020,ST-42,P-88,1
HG-95110,14-07-2022,ST-37,P-78,3
SU-473383,03-09-2020,ST-70,P-89,7
LS-57758,07-06-2021,ST-18,P-57,3
NC-215597,20-05-2022,ST-2,P-59,6
KO-54496,05-03-2022,ST-49,P-54,5
ER-49949,16-03-2022,ST-29,P-16,9
RK-4251,07-09-2024,ST-27,P-64,6
LG-4505,29-12-2023,ST-29,P-26,5
RD-758696,30-10-2024,ST-66,P-17,3
WI-5055,14-09-2021,ST-49,P-57,6
QR-134549,28-06-2022,ST-32,P-68,6
ZQ-783528,16-02-2024,ST-61,P-58,5
KN-78711,04-02-2022,ST-68,P-78,10
MQ-125099,24-09-2023,ST-54,P-38,4
LG-464493,04-04-2020,ST-32,P-89,8
EN-852565,15-02-2023,ST-10,P-74,5
AQ-5248,02-11-2024,ST-33,P-6,6
DG-687926,10-05-2023,ST-4,P-18,3
AH-2631,11-10-2024,ST-29,P-60,7
TH-49294,21-06-2024,ST-36,P-81,3
VU-0882,11-04-2023,ST-28,P-71,2
HS-355291,28-01-2023,ST-8,P-8,7
IT-16034,20-09-2023,ST-28,P-16,2
GN-4433,19-05-2024,ST-58,P-76,2
IY-238906,16-12-2020,ST-33,P-79,6
VP-327181,02-04-2023,ST-44,P-2,8
TY-9224,08-02-2020,ST-13,P-45,8
XG-8174,01-02-2024,ST-16,P-20,5
RG-0326,29-10-2024,ST-56,P-88,2
TG-0822,09-02-2020,ST-65,P-28,8
CJ-922471,24-04-2020,ST-73,P-22,4
NR-04791,01-02-2020,ST-27,P-69,7
KG-09039,13-02-2022,ST-35,P-32,3
BU-698705,06-04-2023,ST-49,P-57,2
QV-27908,05-01-2022,ST-1,P-55,8
JR-161894,29-09-2024,ST-12,P-10,8
IP-49195,30-06-2020,ST-37,P-16,6
BE-37533,27-08-2024,ST-70,P-3,7
PB-36366,16-08-2021,ST-51,P-81,6
PU-4596,11-04-2022,ST-2,P-61,3
XQ-8740,13-06-2021,ST-44,P-19,10
KO-368944,09-07-2023,ST-29,P-72,7
TT-054407,19-12-2023,ST-36,P-19,1
BV-57390,07-06-2021,ST-58,P-78,9
FH-80703,25-11-2023,ST-73,P-71,4
WB-6387,29-05-2021,ST-40,P-14,5
TP-606068,17-01-2021,ST-1,P-67,5
RD-98907,03-12-2023,ST-66,P-5,10
ZY-586488,07-06-2024,ST-68,P-83,4
HH-66761,08-07-2021,ST-26,P-15,3
BT-072394,15-05-2024,ST-70,P-44,10
WN-659545,20-05-2022,ST-19,P-70,1
BH-4375,13-07-2021,ST-45,P-57,5
WN-2693,01-12-2023,ST-55,P-49,3
TI-9656,04-07-2023,ST-33,P-36,9
TN-895967,27-09-2021,ST-75,P-72,5
GS-86111,10-01-2023,ST-75,P-79,4
KV-33288,26-11-2020,ST-28,P-15,9
PX-085809,01-06-2023,ST-35,P-7,2
NS-179638,10-06-2020,ST-35,P-42,10
CV-5243,23-01-2022,ST-8,P-71,6
JI-4021,22-03-2021,ST-72,P-71,7
RU-11749,08-09-2024,ST-54,P-89,2
DK-320833,27-05-2023,ST-36,P-19,1
PZ-0994,07-07-2024,ST-13,P-4,2
JN-72747,05-01-2022,ST-16,P-48,4
LH-9179,03-10-2022,ST-73,P-57,6
PM-2386,04-08-2021,ST-73,P-27,7
JC-12525,07-10-2023,ST-22,P-12,10
VA-629786,27-03-2024,ST-34,P-51,10
ZS-6565,03-07-2022,ST-74,P-58,8
KP-73659,04-10-2023,ST-47,P-27,2
OR-5565,14-04-2024,ST-12,P-3,10
JV-6697,19-03-2022,ST-41,P-64,6
VU-936748,25-04-2024,ST-22,P-63,10
LC-0200,03-11-2022,ST-30,P-47,1
LB-90067,07-11-2020,ST-71,P-54,1
BY-6973,30-03-2021,ST-68,P-32,4
JW-090556,28-12-2021,ST-56,P-76,10
WQ-38884,12-02-2023,ST-74,P-85,10
JS-891906,25-06-2024,ST-73,P-50,4
IB-1522,20-10-2020,ST-14,P-37,5
TE-69925,05-12-2020,ST-74,P-18,9
OG-5157,22-07-2023,ST-29,P-42,9
GX-762341,13-09-2022,ST-69,P-44,4
BD-03305,25-06-2020,ST-4,P-37,5
AC-951903,19-10-2023,ST-45,P-45,5
HL-595810,07-04-2024,ST-19,P-15,10
PW-0009,10-03-2023,ST-17,P-8,10
EM-50932,04-01-2022,ST-34,P-50,3
IM-404758,14-10-2023,ST-67,P-35,5
JU-894929,27-07-2022,ST-25,P-31,5
LC-7224,22-08-2020,ST-12,P-39,4
DQ-8915,10-12-2022,ST-20,P-49,1
TB-8793,04-06-2020,ST-70,P-8,7
UD-24594,02-09-2022,ST-67,P-88,9
XG-283245,29-08-2024,ST-39,P-36,6
JC-59316,03-09-2023,ST-48,P-12,4
XB-347401,09-05-2023,ST-35,P-45,2
TH-36165,23-06-2022,ST-3,P-38,10
EZ-871828,24-01-2021,ST-42,P-67,5
FR-798184,10-04-2020,ST-5,P-20,4
OW-3482,05-03-2024,ST-28,P-41,5
PT-212592,11-09-2020,ST-73,P-50,3
TP-9119,03-10-2023,ST-11,P-32,6
CO-027146,11-09-2022,ST-72,P-25,6
LU-73502,16-11-2023,ST-60,P-37,9
OR-515757,29-02-2020,ST-18,P-64,7
ZE-267205,05-09-2020,ST-28,P-24,1
GC-801559,12-01-2023,ST-66,P-76,8
EH-432112,11-08-2022,ST-2,P-20,6
CC-9148,26-12-2023,ST-35,P-75,6
CE-8911,04-06-2022,ST-20,P-30,1
TG-8642,24-05-2024,ST-29,P-59,7
HA-078709,08-12-2021,ST-66,P-59,7
AW-16505,23-05-2023,ST-68,P-40,2
CK-53125,17-04-2022,ST-20,P-83,2
GF-89200,23-04-2021,ST-23,P-54,7
MC-092013,15-10-2022,ST-45,P-83,1
AE-922857,09-02-2023,ST-56,P-19,10
KQ-87778,06-07-2020,ST-34,P-71,8
EB-046224,17-02-2023,ST-46,P-25,4
RM-81603,30-06-2021,ST-73,P-71,7
PX-36970,19-03-2022,ST-9,P-1,4
XW-65355,04-02-2020,ST-4,P-2,1
CN-090119,21-04-2024,ST-5,P-38,2
PW-7170,08-08-2023,ST-10,P-31,2
GJ-68756,07-11-2024,ST-23,P-52,10
MW-01128,29-03-2020,ST-48,P-65,5
FO-516310,22-04-2023,ST-53,P-61,5
RL-22013,25-03-2023,ST-50,P-71,10
XS-40026,24-11-2020,ST-70,P-73,2
IG-698723,21-07-2024,ST-13,P-47,10
GL-12131,05-11-2023,ST-69,P-50,8
GM-720624,13-01-2020,ST-7,P-23,5
YT-6252,18-09-2024,ST-35,P-50,3
QI-121888,29-05-2023,ST-55,P-1,5
WH-88961,17-04-2020,ST-61,P-50,2
ZK-52198,27-03-2021,ST-44,P-20,5
YL-143047,07-03-2023,ST-67,P-89,8
LZ-19273,08-03-2022,ST-2,P-78,7
JY-7233,11-01-2024,ST-52,P-17,3
MQ-57845,23-01-2022,ST-38,P-66,4
BL-2785,20-12-2022,ST-50,P-27,8
JY-52922,27-07-2022,ST-27,P-71,1
QU-1198,28-05-2024,ST-18,P-78,4
UP-157299,06-01-2024,ST-12,P-81,8
YW-448639,10-03-2021,ST-25,P-89,1
LY-0648,07-10-2021,ST-62,P-36,4
SJ-718256,07-10-2024,ST-3,P-87,10
FN-99245,20-01-2022,ST-2,P-7,8
LN-916656,24-03-2022,ST-48,P-70,3
MT-230959,26-07-2020,ST-51,P-29,5
NZ-6755,03-08-2022,ST-24,P-30,8
OE-770610,06-01-2024,ST-36,P-55,6
GF-7553,04-02-2022,ST-57,P-43,8
CM-499270,27-09-2023,ST-52,P-83,10
HE-54237,18-12-2023,ST-23,P-54,3
MH-023055,31-12-2022,ST-35,P-52,2
LW-437767,02-01-2022,ST-63,P-47,10
FX-577562,30-05-2023,ST-59,P-19,3
GE-91003,19-11-2020,ST-60,P-2,8
ST-280341,11-03-2023,ST-63,P-87,4
MW-20879,01-09-2021,ST-21,P-17,1
RT-395227,01-10-2021,ST-74,P-53,4
YQ-01104,06-05-2023,ST-2,P-25,5
TD-556388,03-09-2020,ST-68,P-80,7
LW-027207,11-02-2021,ST-54,P-24,8
PE-3574,14-07-2023,ST-61,P-80,1
EY-859684,12-03-2024,ST-5,P-79,8
PN-904435,07-11-2023,ST-40,P-48,1
GL-80813,11-02-2024,ST-26,P-13,1
PB-37211,30-07-2024,ST-66,P-60,10
UC-17376,10-01-2021,ST-26,P-68,9
ZC-2991,17-02-2022,ST-63,P-50,4
DH-71094,19-06-2021,ST-24,P-45,3
EB-56311,23-03-2021,ST-55,P-49,3
KM-326534,04-02-2023,ST-1,P-38,2
SS-7612,23-10-2024,ST-4,P-42,10
OO-35271,20-05-2021,ST-16,P-24,2
UO-55112,23-05-2021,ST-14,P-26,10
OY-1970,10-02-2021,ST-21,P-87,4
SQ-183371,12-04-2020,ST-12,P-46,3
YN-7778,23-07-2024,ST-44,P-59,10
YH-97225,07-09-2024,ST-10,P-22,8
AU-5119,16-07-2021,ST-42,P-75,8
FE-0915,17-08-2020,ST-71,P-29,3
VY-101842,12-05-2020,ST-55,P-36,1
OE-5333,10-02-2021,ST-33,P-61,9
KH-48512,11-11-2020,ST-11,P-36,4
LD-2524,11-10-2021,ST-39,P-16,7
XT-96168,01-01-2023,ST-51,P-21,6
TV-9720,15-06-2023,ST-30,P-24,4
EY-33903,21-10-2021,ST-42,P-37,3
GN-973551,08-11-2021,ST-56,P-45,6
SR-393662,31-01-2023,ST-66,P-56,3
BA-47608,04-10-2021,ST-10,P-45,1
CQ-645946,15-02-2021,ST-48,P-35,9
ZM-466203,07-12-2023,ST-26,P-56,4
RG-336222,15-04-2021,ST-33,P-39,8
BZ-823396,22-10-2021,ST-74,P-53,6
KT-21575,17-04-2024,ST-73,P-18,7
IC-731650,02-12-2020,ST-20,P-59,2
HI-499946,06-10-2020,ST-71,P-60,7
DO-18372,21-12-2022,ST-57,P-87,9
FH-60433,09-05-2020,ST-68,P-56,5
ER-66039,07-12-2020,ST-54,P-31,7
WU-1382,16-06-2023,ST-36,P-33,5
IF-39721,28-06-2024,ST-20,P-84,10
GT-674603,24-06-2020,ST-31,P-26,5
OU-6679,23-04-2024,ST-11,P-78,2
DH-3672,02-07-2024,ST-54,P-56,1
XH-7921,10-04-2022,ST-4,P-30,4
BL-2757,29-08-2021,ST-57,P-52,3
CB-74309,24-02-2023,ST-37,P-44,2
GS-7836,09-06-2023,ST-35,P-14,8
YC-501032,06-03-2021,ST-35,P-51,10
ZY-40597,29-01-2022,ST-55,P-26,6
XB-78686,24-03-2024,ST-43,P-10,7
XI-344463,12-06-2024,ST-51,P-49,9
AD-4722,10-09-2024,ST-2,P-14,9
LR-6820,25-12-2023,ST-41,P-4,2
BR-4285,18-12-2021,ST-2,P-84,5
VV-004928,02-12-2020,ST-10,P-87,9
OZ-008148,22-11-2023,ST-39,P-66,8
ZF-6452,21-07-2022,ST-29,P-43,3
AJ-7232,23-03-2021,ST-47,P-88,7
QW-166439,12-05-2024,ST-66,P-25,4
QX-30267,17-05-2020,ST-7,P-45,5
TG-61936,20-05-2020,ST-69,P-85,8
GG-8280,28-04-2022,ST-74,P-2,1
OA-5037,10-07-2023,ST-56,P-36,8
ZO-9616,04-10-2022,ST-28,P-15,7
OT-1011,18-09-2024,ST-59,P-36,9
YX-42510,13-10-2024,ST-12,P-33,3
DU-865809,11-07-2023,ST-46,P-49,5
NW-5535,25-08-2022,ST-74,P-22,2
YW-87756,26-02-2021,ST-11,P-24,1
SQ-562707,29-10-2023,ST-44,P-88,1
LZ-311220,27-08-2024,ST-51,P-11,9
UM-84500,01-12-2023,ST-57,P-85,1
XB-04028,04-09-2023,ST-72,P-69,7
TP-905984,17-03-2024,ST-27,P-39,5
JA-9184,25-06-2020,ST-32,P-49,2
UQ-33370,15-06-2023,ST-61,P-16,5
AF-26249,14-12-2021,ST-51,P-19,3
GS-068921,12-06-2023,ST-33,P-30,4
IK-11215,28-11-2020,ST-49,P-9,4
WH-9016,05-09-2022,ST-50,P-41,3
VG-0285,03-07-2020,ST-45,P-67,5
PX-118008,12-11-2023,ST-33,P-13,7
EN-2152,24-06-2020,ST-22,P-87,10
CG-31971,29-12-2023,ST-7,P-20,1
KT-60627,19-12-2023,ST-70,P-68,9
QU-416163,22-09-2020,ST-12,P-42,2
JK-65815,15-11-2020,ST-22,P-23,2
XB-4831,24-08-2022,ST-25,P-20,6
ME-88035,06-04-2023,ST-34,P-21,6
WF-69261,07-03-2022,ST-66,P-22,1
EJ-171979,22-04-2020,ST-55,P-80,1
UJ-721814,30-11-2021,ST-34,P-63,4
TM-1052,17-07-2021,ST-11,P-28,1
EJ-09491,04-12-2021,ST-43,P-40,2
EQ-279154,27-07-2024,ST-73,P-83,6
XK-5157,24-08-2021,ST-72,P-62,6
LL-0684,22-10-2022,ST-38,P-11,7
GS-1098,11-12-2023,ST-33,P-5,7
RW-748927,19-10-2022,ST-72,P-58,2
BO-081998,29-10-2021,ST-63,P-76,9
TT-727588,08-06-2021,ST-49,P-62,2
PY-93767,08-04-2022,ST-12,P-45,5
SA-60856,05-05-2023,ST-24,P-20,2
QR-78393,22-09-2022,ST-43,P-30,3
SF-3714,13-04-2020,ST-48,P-85,5
VC-754499,24-05-2020,ST-39,P-64,8
BU-64659,31-10-2023,ST-28,P-4,10
LU-8063,14-04-2024,ST-43,P-75,1
CR-713931,13-09-2023,ST-48,P-16,3
CH-7009,22-02-2021,ST-71,P-51,7
QN-6064,20-11-2021,ST-48,P-76,1
SP-91916,18-04-2020,ST-42,P-12,8
WF-63421,05-04-2024,ST-13,P-48,5
WH-768592,09-09-2021,ST-41,P-21,4
CX-6975,23-10-2023,ST-19,P-14,6
JC-31870,14-02-2020,ST-52,P-15,5
MF-0954,05-09-2022,ST-72,P-9,4
KQ-157617,25-12-2020,ST-52,P-65,8
MR-08726,27-10-2021,ST-14,P-3,10
YX-14389,06-02-2020,ST-43,P-40,6
AT-16127,27-05-2023,ST-25,P-81,8
IF-44037,05-12-2022,ST-42,P-58,3
CN-382381,08-08-2023,ST-4,P-14,6
IR-556144,21-05-2022,ST-20,P-3,8
PT-143411,19-03-2020,ST-69,P-41,9
LT-3047,14-10-2021,ST-52,P-14,8
PK-516995,02-04-2024,ST-6,P-3,5
PG-0186,09-06-2024,ST-64,P-57,7
WS-460092,29-09-2023,ST-64,P-63,6
QO-1965,25-07-2021,ST-34,P-19,10
BR-5445,11-07-2021,ST-39,P-83,6
IF-573396,24-02-2023,ST-7,P-66,9
DB-50046,18-01-2022,ST-47,P-78,10
YQ-25380,16-04-2020,ST-7,P-38,6
TZ-40933,21-06-2023,ST-26,P-71,10
HC-85533,20-01-2020,ST-64,P-41,3
WE-4834,05-02-2024,ST-41,P-60,7
JQ-3519,25-02-2021,ST-32,P-14,9
HO-8590,10-11-2021,ST-24,P-59,8
UI-25013,22-06-2022,ST-68,P-85,7
SB-565499,04-02-2021,ST-53,P-67,6
GY-49896,28-01-2022,ST-26,P-58,9
TP-15186,22-07-2024,ST-57,P-63,1
NY-8710,29-10-2024,ST-12,P-3,1
TB-79965,22-02-2024,ST-10,P-56,6
GR-5145,12-05-2024,ST-27,P-1,10
TM-57068,27-07-2023,ST-60,P-66,10
UE-3723,29-11-2021,ST-17,P-30,1
ZY-51228,14-02-2020,ST-75,P-45,4
KE-926667,18-12-2021,ST-19,P-23,7
JG-36757,04-10-2022,ST-46,P-73,6
QV-834522,25-07-2023,ST-34,P-44,6
QD-2156,03-01-2023,ST-53,P-52,10
UE-76583,13-08-2022,ST-10,P-23,1
ZW-5345,28-04-2021,ST-12,P-1,7
GJ-518482,18-08-2022,ST-65,P-5,6
LL-84505,06-04-2021,ST-61,P-14,9
EL-57093,13-08-2022,ST-61,P-85,1
VG-0380,29-05-2023,ST-3,P-53,10
HN-05927,17-01-2021,ST-9,P-32,5
TZ-3620,01-11-2020,ST-16,P-10,5
CG-7562,04-04-2024,ST-50,P-4,3
BA-1480,30-07-2021,ST-19,P-81,1
SH-47140,08-05-2024,ST-34,P-69,9
YM-951356,02-12-2022,ST-32,P-46,7
GP-9720,29-05-2024,ST-72,P-12,8
BW-4357,16-07-2022,ST-37,P-29,2
PQ-92670,07-06-2023,ST-59,P-69,5
KJ-03018,20-07-2020,ST-5,P-53,3
AI-7234,18-10-2021,ST-65,P-13,7
GO-291414,21-02-2024,ST-5,P-30,3
RT-910382,08-09-2020,ST-34,P-63,7
EX-81627,02-10-2021,ST-69,P-74,6
MD-921300,30-05-2023,ST-68,P-44,6
HG-26739,20-11-2022,ST-30,P-80,4
BQ-75895,09-08-2024,ST-32,P-60,9
GI-69447,22-11-2020,ST-70,P-42,8
EO-682140,08-08-2024,ST-62,P-83,5
HH-7987,12-02-2021,ST-62,P-43,9
LF-2039,25-05-2024,ST-2,P-40,10
YR-88605,29-09-2023,ST-33,P-15,8
SA-07786,05-06-2020,ST-68,P-29,3
YS-09530,22-07-2023,ST-27,P-17,5
TR-74348,08-01-2020,ST-25,P-66,2
HA-7511,15-12-2022,ST-40,P-36,9
FE-9365,11-10-2023,ST-60,P-57,2
EG-250831,29-05-2022,ST-12,P-51,5
MB-00191,01-01-2023,ST-75,P-1,6
CI-87843,05-09-2020,ST-41,P-42,3
ON-755437,31-07-2023,ST-5,P-27,4
FX-0045,13-12-2020,ST-33,P-49,7
OO-076198,14-04-2022,ST-25,P-7,5
NO-122079,29-09-2022,ST-20,P-12,1
UX-6241,27-08-2022,ST-71,P-38,3
JZ-138192,19-03-2024,ST-65,P-77,2
DL-8464,14-07-2020,ST-16,P-68,1
GX-701118,22-01-2023,ST-48,P-48,1
WA-24339,21-01-2020,ST-28,P-49,2
UV-0892,21-08-2022,ST-8,P-24,1
GW-068111,25-09-2024,ST-47,P-31,6
LS-1813,11-08-2020,ST-51,P-88,7
CI-3677,21-10-2023,ST-11,P-29,8
HL-42164,02-06-2020,ST-27,P-20,3
RB-49768,16-11-2021,ST-12,P-28,9
KK-69900,29-03-2022,ST-66,P-36,5
IS-0966,08-11-2024,ST-57,P-1,10
MP-60141,20-07-2021,ST-73,P-54,1
ZT-56191,05-10-2023,ST-64,P-50,7
JR-831258,10-11-2020,ST-22,P-33,2
VJ-128923,12-09-2023,ST-23,P-2,5
PL-050131,09-12-2021,ST-67,P-28,4
EW-0462,12-10-2023,ST-14,P-28,2
HE-086028,08-11-2020,ST-66,P-89,8
YZ-3498,11-04-2024,ST-27,P-15,9
DU-872388,08-05-2021,ST-20,P-76,6
AO-491860,21-10-2023,ST-18,P-36,2
FE-02107,03-01-2021,ST-61,P-67,9
XL-375829,09-01-2022,ST-59,P-55,4
BM-82380,21-01-2021,ST-18,P-63,5
TI-04890,01-05-2021,ST-14,P-35,3
EC-327955,06-09-2023,ST-4,P-4,7
GU-56433,25-12-2020,ST-11,P-8,6
OU-92466,19-04-2020,ST-54,P-57,6
UF-94167,30-04-2021,ST-63,P-29,7
UG-93635,03-11-2024,ST-22,P-75,8
AN-148392,21-03-2021,ST-74,P-77,7
FL-63687,04-02-2024,ST-28,P-61,5
GA-32506,05-11-2021,ST-34,P-31,9
JD-700233,08-11-2023,ST-32,P-66,3
JI-00021,15-04-2022,ST-74,P-21,2
UM-625269,23-12-2022,ST-29,P-77,9
MJ-8161,06-08-2022,ST-48,P-61,4
GV-53568,19-08-2024,ST-69,P-85,1
FR-220082,04-10-2022,ST-10,P-46,6
RW-113750,01-07-2021,ST-22,P-79,5
LP-966198,19-02-2022,ST-19,P-13,2
NX-48897,04-08-2023,ST-7,P-71,8
NI-54145,14-02-2020,ST-67,P-43,6
QU-9848,21-08-2020,ST-65,P-2,6
VT-75122,25-05-2022,ST-74,P-15,1
FT-611396,13-06-2020,ST-31,P-63,4
MM-39005,31-05-2022,ST-24,P-45,4
ZT-1154,09-04-2021,ST-35,P-33,6
RR-208941,18-10-2021,ST-37,P-48,7
SK-8008,22-06-2024,ST-49,P-53,7
VY-605351,11-09-2020,ST-13,P-10,3
PV-77643,06-05-2023,ST-56,P-73,6
YK-3109,29-06-2020,ST-30,P-38,5
UH-047587,26-02-2023,ST-59,P-23,2
FX-50792,02-10-2022,ST-29,P-36,3
GE-873447,14-04-2024,ST-55,P-77,4
YY-771079,22-01-2022,ST-23,P-81,9
RF-02632,03-01-2023,ST-72,P-12,7
BF-6481,01-06-2023,ST-30,P-29,1
PX-457326,18-06-2022,ST-27,P-73,9
NT-6881,20-05-2024,ST-29,P-24,1
HV-770241,15-10-2024,ST-61,P-14,10
II-874183,06-12-2022,ST-45,P-36,6
AU-30723,17-08-2021,ST-34,P-75,10
YV-10606,22-12-2022,ST-70,P-1,8
JR-2017,24-08-2021,ST-75,P-30,1
VV-09440,09-10-2021,ST-21,P-58,1
NU-15055,04-01-2022,ST-59,P-44,7
YC-9789,22-05-2023,ST-67,P-11,4
IY-73640,31-10-2020,ST-53,P-72,7
EJ-3083,08-08-2021,ST-14,P-55,10
GV-17390,16-10-2024,ST-47,P-26,6
SN-705087,15-07-2022,ST-49,P-27,6
OK-7533,04-12-2020,ST-32,P-65,8
JH-5678,17-03-2024,ST-56,P-70,1
CU-618476,03-01-2020,ST-61,P-75,6
LS-0655,10-04-2020,ST-32,P-78,10
IN-98266,18-09-2021,ST-4,P-49,2
PR-75791,08-04-2024,ST-28,P-5,10
KB-435834,25-02-2022,ST-42,P-37,9
XC-68646,01-04-2024,ST-28,P-54,1
IQ-720152,08-07-2023,ST-63,P-51,3
GL-80904,24-01-2020,ST-31,P-74,3
JO-20802,18-05-2024,ST-39,P-8,2
FC-5524,01-12-2021,ST-52,P-47,9
BJ-72837,25-06-2022,ST-9,P-48,4
GL-9870,21-01-2022,ST-54,P-73,7
OY-4033,11-09-2024,ST-3,P-76,1
IB-7923,07-11-2021,ST-50,P-34,9
BI-61034,14-11-2020,ST-41,P-15,1
HS-3726,05-08-2022,ST-46,P-62,4
QL-4500,27-01-2020,ST-4,P-38,4
UH-75605,07-09-2021,ST-24,P-4,1
OQ-75838,22-09-2022,ST-25,P-79,9
KT-133535,22-01-2024,ST-56,P-81,8
GN-433450,27-03-2022,ST-75,P-83,8
JN-13267,26-02-2023,ST-17,P-55,7
WT-3367,22-01-2023,ST-2,P-34,8
MG-35242,15-02-2023,ST-66,P-63,10
GR-7746,12-03-2021,ST-69,P-42,2
UP-883461,11-10-2023,ST-10,P-40,8
SL-094101,14-09-2024,ST-40,P-20,4
IJ-434191,05-08-2023,ST-55,P-87,10
JB-778180,28-06-2024,ST-7,P-71,9
QF-433293,26-03-2023,ST-26,P-70,9
XZ-7619,16-09-2023,ST-27,P-23,9
ZC-1109,23-10-2020,ST-55,P-66,2
WH-65621,25-12-2022,ST-67,P-29,1
AM-7799,05-10-2020,ST-54,P-25,1
XB-036075,29-09-2022,ST-51,P-59,10
WL-6767,16-03-2020,ST-59,P-49,2
OL-0639,12-08-2021,ST-25,P-76,9
GA-8183,26-01-2020,ST-71,P-86,5
TD-7777,24-11-2023,ST-23,P-49,3
IJ-285837,18-04-2020,ST-51,P-14,3
VE-8934,08-05-2024,ST-15,P-24,3
DZ-86084,08-10-2021,ST-39,P-11,6
XQ-9541,01-02-2023,ST-55,P-76,1
SL-09150,05-03-2024,ST-53,P-40,3
LL-64798,09-08-2020,ST-30,P-39,5
QP-640965,21-06-2020,ST-3,P-47,7
QI-660461,08-05-2024,ST-58,P-1,10
PZ-701910,13-06-2023,ST-17,P-14,1
LP-44886,31-12-2022,ST-1,P-8,1
OT-4773,19-06-2021,ST-26,P-22,7
LE-0297,03-10-2022,ST-12,P-22,8
CE-2924,17-02-2021,ST-51,P-75,5
QE-73508,30-04-2022,ST-2,P-9,10
GY-1885,13-11-2022,ST-25,P-25,4
DD-53199,22-10-2024,ST-73,P-82,1
YM-50441,06-08-2023,ST-62,P-4,4
HP-3361,18-04-2024,ST-15,P-19,10
QI-60974,05-04-2023,ST-68,P-21,1
UC-4282,24-03-2024,ST-2,P-54,2
RS-20871,27-08-2020,ST-15,P-59,4
OS-0920,10-05-2023,ST-43,P-49,3
OH-66429,21-07-2021,ST-17,P-73,3
ZX-11742,11-09-2021,ST-29,P-2,1
TK-6374,20-03-2023,ST-39,P-3,5
GY-7126,27-05-2020,ST-47,P-58,3
BP-7469,21-06-2021,ST-25,P-14,4
XQ-4485,07-07-2022,ST-74,P-58,6
UA-31343,03-01-2020,ST-29,P-8,5
OR-54186,03-03-2022,ST-60,P-85,6
MM-341568,11-01-2024,ST-74,P-25,10
ID-23641,28-07-2021,ST-3,P-54,10
ZQ-170566,24-06-2022,ST-30,P-54,7
OQ-75011,13-03-2021,ST-72,P-72,6
SD-6123,01-04-2020,ST-21,P-65,6
AA-945467,05-10-2020,ST-25,P-43,8
WB-5618,31-03-2024,ST-29,P-52,8
MO-9820,26-01-2024,ST-52,P-44,10
BA-1524,22-08-2024,ST-5,P-87,3
BP-844389,17-06-2021,ST-75,P-2,10
RJ-302175,10-11-2023,ST-58,P-87,1
PI-0584,29-04-2024,ST-73,P-10,2
KE-04121,27-10-2022,ST-4,P-2,8
DA-345330,21-06-2022,ST-30,P-12,5
BV-7714,07-11-2022,ST-28,P-8,6
LR-9609,02-08-2020,ST-10,P-9,5
GB-880854,01-01-2024,ST-12,P-60,2
KY-8410,10-07-2020,ST-50,P-40,5
IJ-4581,02-11-2023,ST-55,P-44,3
TW-090565,01-10-2024,ST-51,P-26,7
EZ-830751,19-11-2022,ST-38,P-63,6
SR-454263,02-01-2024,ST-51,P-76,9
IR-211926,02-09-2022,ST-48,P-5,3
OG-989305,01-09-2021,ST-45,P-11,8
TM-194921,08-10-2022,ST-36,P-30,9
SL-57830,02-01-2024,ST-67,P-67,5
XI-877458,12-12-2022,ST-38,P-56,6
DI-467045,08-03-2023,ST-42,P-56,8
CF-271236,02-11-2023,ST-49,P-25,7
QL-80135,01-05-2021,ST-10,P-85,6
CO-9904,15-05-2020,ST-50,P-74,7
XA-148872,18-07-2020,ST-58,P-73,3
IX-3443,06-08-2020,ST-3,P-8,7
BZ-4076,24-03-2023,ST-71,P-26,7
MO-933438,07-02-2024,ST-49,P-61,10
PR-35684,29-03-2021,ST-2,P-9,6
OW-43034,29-12-2021,ST-17,P-70,2
DX-8092,15-03-2024,ST-51,P-76,6
DC-87925,06-09-2021,ST-30,P-64,4
QF-2507,09-07-2024,ST-17,P-62,1
VH-970259,27-05-2024,ST-73,P-68,7
HH-589405,22-10-2021,ST-45,P-39,4
XJ-99646,22-03-2021,ST-21,P-70,1
PX-000040,14-11-2022,ST-17,P-30,6
LS-87474,02-02-2023,ST-18,P-32,2
NB-85781,10-01-2024,ST-28,P-21,2
GM-3185,19-09-2021,ST-54,P-85,6
HX-359573,22-05-2020,ST-61,P-34,2
VT-271073,14-03-2022,ST-53,P-69,6
QG-88462,16-03-2024,ST-4,P-52,2
SU-6855,02-06-2022,ST-21,P-32,3
AX-48118,28-05-2022,ST-57,P-22,3
TC-43853,19-09-2024,ST-18,P-27,4
HF-8015,16-04-2021,ST-53,P-81,4
UU-153629,17-03-2023,ST-74,P-21,5
ST-814583,05-05-2021,ST-56,P-50,5
GZ-48428,08-11-2022,ST-67,P-26,7
DR-155754,09-07-2020,ST-39,P-35,5
HM-35852,18-08-2023,ST-38,P-22,7
CW-72836,23-05-2024,ST-64,P-24,3
YV-433803,31-03-2023,ST-53,P-56,10
JF-39162,29-08-2024,ST-61,P-64,3
RC-695538,29-12-2022,ST-6,P-1,5
OS-7604,21-09-2020,ST-50,P-30,1
AB-590505,20-06-2020,ST-33,P-27,3
FL-419131,27-12-2023,ST-5,P-87,2
OZ-25231,28-01-2020,ST-2,P-31,2
PG-031720,29-04-2020,ST-58,P-15,6
VY-2166,13-07-2021,ST-35,P-61,6
QK-566473,25-10-2024,ST-64,P-57,8
NT-0061,26-09-2021,ST-67,P-78,10
TL-834721,05-02-2024,ST-44,P-81,4
VT-863619,22-08-2024,ST-12,P-80,4
QF-0482,14-03-2020,ST-70,P-22,8
GZ-9415,23-06-2022,ST-59,P-80,5
MZ-872839,14-03-2021,ST-67,P-89,1
WA-488463,24-03-2023,ST-18,P-65,7
GV-992898,06-09-2020,ST-27,P-16,4
FV-82523,28-06-2024,ST-26,P-13,3
EU-395310,27-01-2020,ST-44,P-44,7
YL-36572,19-07-2020,ST-62,P-55,7
BD-06741,24-01-2023,ST-57,P-25,6
UG-95692,23-11-2020,ST-72,P-1,6
UP-93047,07-07-2023,ST-64,P-45,10
XD-4741,26-09-2020,ST-54,P-68,2
GN-3279,06-02-2021,ST-29,P-80,8
YI-85789,28-09-2024,ST-29,P-41,4
AC-34576,29-09-2022,ST-10,P-47,6
TP-3833,17-10-2024,ST-3,P-62,8
DW-885672,21-12-2023,ST-28,P-40,6
SA-6455,29-05-2024,ST-44,P-47,4
UA-6704,14-08-2024,ST-43,P-23,10
GE-48789,27-05-2020,ST-16,P-73,5
HW-4516,04-11-2020,ST-75,P-1,9
SA-5447,15-08-2022,ST-69,P-21,10
JM-45251,02-09-2024,ST-16,P-20,5
QB-160043,04-01-2022,ST-30,P-15,9
MC-45166,02-04-2020,ST-11,P-15,5
KB-555913,10-09-2024,ST-62,P-88,8
WY-00097,20-10-2023,ST-26,P-13,3
AD-1173,31-12-2021,ST-46,P-14,2
IH-91440,03-03-2024,ST-46,P-59,2
VZ-4899,26-11-2020,ST-75,P-9,8
SW-0866,30-05-2020,ST-36,P-5,5
AM-89375,06-05-2023,ST-56,P-70,1
JM-6799,25-08-2022,ST-7,P-54,4
DI-9590,25-02-2021,ST-50,P-84,10
YN-012290,03-10-2023,ST-71,P-83,5
VT-3535,13-02-2022,ST-46,P-40,3
CX-41439,15-01-2020,ST-1,P-8,4
FR-491412,13-01-2023,ST-49,P-66,3
XP-45227,12-10-2024,ST-31,P-51,7
HP-0572,14-12-2022,ST-4,P-32,6
LL-3573,31-05-2020,ST-46,P-28,9
IN-080417,15-04-2024,ST-20,P-9,1
LS-51690,23-04-2021,ST-38,P-19,10
QK-1119,08-08-2023,ST-55,P-74,10
WY-2385,10-05-2021,ST-34,P-9,7
SS-32365,16-09-2023,ST-69,P-3,4
PS-18708,02-09-2023,ST-12,P-70,5
HV-0905,02-12-2023,ST-1,P-24,7
CF-1437,13-03-2023,ST-22,P-1,1
JJ-6133,17-04-2024,ST-60,P-88,5
RM-397542,31-03-2020,ST-9,P-10,5
AX-51533,15-04-2022,ST-11,P-88,9
YF-6406,10-01-2020,ST-56,P-3,9
OA-9337,05-10-2024,ST-8,P-9,5
JR-06463,26-10-2024,ST-33,P-50,3
FA-402863,23-04-2023,ST-74,P-1,4
IN-0372,15-08-2022,ST-18,P-41,1
YQ-164653,13-05-2021,ST-58,P-81,7
ZD-52086,05-05-2020,ST-55,P-53,10
LW-425984,03-10-2020,ST-22,P-66,10
OZ-0531,17-02-2024,ST-20,P-60,6
TY-16473,30-06-2022,ST-29,P-59,1
ML-39354,07-10-2024,ST-67,P-56,4
OL-19373,07-09-2023,ST-54,P-9,4
AN-43347,21-05-2020,ST-40,P-83,2
DW-1535,21-09-2024,ST-26,P-21,8
RC-856610,27-11-2020,ST-15,P-12,6
PN-31341,05-06-2020,ST-21,P-70,6
OC-160699,25-11-2020,ST-15,P-18,4
IY-882031,26-12-2021,ST-48,P-7,2
RW-9686,18-03-2021,ST-29,P-34,10
NW-98117,20-08-2023,ST-25,P-7,3
UV-5642,03-04-2024,ST-63,P-75,7
CA-487652,15-04-2023,ST-5,P-46,8
GH-7231,05-05-2024,ST-56,P-45,3
YO-973620,29-01-2023,ST-66,P-86,8
XT-07453,22-06-2020,ST-25,P-65,8
US-577973,18-08-2021,ST-51,P-87,8
JM-37628,21-04-2023,ST-13,P-35,1
GM-828313,11-10-2021,ST-75,P-29,5
RM-4818,17-01-2022,ST-39,P-70,6
VC-816478,07-12-2021,ST-50,P-28,4
ZK-562994,18-02-2024,ST-37,P-63,10
UX-907466,20-12-2020,ST-4,P-65,4
XS-3205,31-03-2021,ST-5,P-19,2
TM-05480,19-03-2021,ST-20,P-53,10
PE-1374,03-09-2021,ST-29,P-70,3
NS-79902,05-12-2020,ST-30,P-6,6
WU-2849,17-01-2023,ST-69,P-12,1
AX-10408,07-02-2024,ST-74,P-36,2
EU-99164,25-02-2021,ST-66,P-33,10
UP-84053,21-04-2022,ST-55,P-17,1
WZ-52322,26-12-2020,ST-4,P-42,8
KO-590469,29-07-2020,ST-62,P-30,10
AD-98596,07-08-2022,ST-71,P-39,3
ZI-3384,27-04-2024,ST-70,P-45,8
PJ-66185,25-10-2022,ST-57,P-72,1
YV-12792,20-09-2021,ST-57,P-47,9
BW-13759,03-07-2023,ST-17,P-77,1
FS-060203,27-03-2024,ST-29,P-7,1
RH-843115,04-10-2023,ST-40,P-72,7
YX-93918,28-02-2023,ST-26,P-43,1
LG-3331,05-09-2021,ST-57,P-26,5
LB-727460,22-06-2020,ST-66,P-9,1
SG-64475,18-12-2020,ST-42,P-64,6
EF-784953,08-12-2020,ST-38,P-17,8
GY-34296,28-11-2020,ST-22,P-38,9
BB-88180,08-07-2023,ST-53,P-32,10
DG-728455,05-01-2023,ST-11,P-12,8
FL-19551,11-04-2024,ST-30,P-48,10
FY-2068,31-08-2022,ST-44,P-19,5
MG-048279,13-04-2021,ST-45,P-29,3
UH-0058,18-04-2022,ST-61,P-82,2
OG-33510,30-10-2020,ST-23,P-72,8
NS-3371,21-05-2024,ST-40,P-62,4
EO-6059,28-07-2023,ST-52,P-68,7
OP-3813,23-11-2022,ST-44,P-1,9
VC-96831,20-11-2023,ST-49,P-53,1
HU-299537,24-11-2023,ST-35,P-17,8
DZ-314925,28-02-2022,ST-41,P-57,6
HS-044291,29-01-2022,ST-31,P-2,10
DW-3383,02-10-2021,ST-47,P-34,3
HT-2266,09-01-2023,ST-73,P-85,1
AW-1968,06-02-2023,ST-25,P-64,2
YU-2702,09-03-2020,ST-63,P-36,2
XQ-0571,27-12-2021,ST-9,P-47,9
UO-47267,16-01-2024,ST-58,P-55,4
GF-305388,10-10-2024,ST-2,P-32,6
RB-435842,17-05-2022,ST-63,P-72,3
BO-944818,11-04-2020,ST-30,P-77,9
QF-772051,14-01-2023,ST-15,P-46,2
CT-81102,13-08-2024,ST-69,P-26,7
WE-8950,03-02-2023,ST-74,P-87,6
BI-6355,29-02-2020,ST-42,P-7,6
SZ-693063,25-08-2020,ST-4,P-18,9
AI-0562,18-06-2023,ST-68,P-64,5
EN-105536,19-09-2020,ST-41,P-88,7
AT-2701,11-01-2023,ST-26,P-38,7
XH-9992,25-10-2021,ST-42,P-64,10
AX-32830,09-03-2022,ST-37,P-4,2
BV-2060,23-03-2022,ST-57,P-53,6
AX-9454,10-07-2021,ST-5,P-76,4
UT-4890,30-11-2023,ST-31,P-73,9
IM-8429,23-10-2021,ST-70,P-6,8
QJ-131723,06-11-2024,ST-39,P-77,9
ST-4676,14-06-2021,ST-20,P-19,2
BA-05936,02-11-2022,ST-74,P-10,2
JI-09907,16-05-2024,ST-55,P-50,4
PQ-77513,31-07-2023,ST-75,P-58,9
UW-9320,21-01-2022,ST-23,P-28,8
RB-3661,13-11-2020,ST-4,P-67,6
BG-2108,24-03-2022,ST-30,P-13,3
CK-28724,28-06-2024,ST-54,P-63,3
US-73153,11-02-2021,ST-24,P-68,10
ZJ-19516,19-12-2022,ST-75,P-53,6
KX-41058,23-05-2021,ST-11,P-46,10
VO-706937,23-09-2022,ST-5,P-26,5
BV-78717,21-04-2021,ST-13,P-30,9
GJ-6622,27-08-2020,ST-23,P-71,6
XH-7367,31-10-2021,ST-7,P-64,6
PA-9634,17-09-2021,ST-35,P-54,4
NH-7386,06-02-2023,ST-49,P-72,4
ZV-89744,23-03-2021,ST-36,P-66,3
JE-8509,03-10-2020,ST-55,P-11,2
HC-75537,26-10-2021,ST-62,P-29,6
EA-5635,06-02-2022,ST-50,P-27,8
AE-967017,22-05-2024,ST-47,P-36,9
PB-498660,18-11-2020,ST-68,P-72,8
GL-83018,26-11-2020,ST-56,P-65,4
JZ-919530,17-10-2021,ST-44,P-74,3
ZF-72032,15-02-2024,ST-42,P-78,2
MK-548556,26-11-2020,ST-9,P-6,2
ZN-724153,11-05-2024,ST-28,P-51,4
EQ-979872,12-07-2023,ST-64,P-38,6
AX-01688,29-02-2024,ST-51,P-88,9
NY-6778,10-04-2021,ST-44,P-18,5
JG-0597,10-03-2021,ST-57,P-27,7
PD-49505,12-01-2023,ST-67,P-17,2
UA-0334,09-10-2024,ST-58,P-75,2
KF-4185,16-09-2024,ST-42,P-62,7
BC-5656,02-06-2022,ST-46,P-15,2
ZV-68657,24-01-2020,ST-19,P-65,2
XT-22842,12-09-2020,ST-61,P-68,2
EP-82479,29-06-2024,ST-29,P-64,1
PE-160999,14-10-2020,ST-8,P-25,1
ZV-234767,21-01-2021,ST-21,P-79,5
MO-351804,09-10-2023,ST-6,P-32,10
AA-06848,22-07-2023,ST-61,P-81,2
RT-66916,29-11-2020,ST-7,P-23,5
EI-09292,23-07-2024,ST-26,P-5,3
KA-1086,26-07-2022,ST-15,P-37,7
GU-81306,10-07-2024,ST-25,P-17,10
CS-1541,13-10-2020,ST-70,P-35,7
EX-512277,08-04-2022,ST-2,P-2,6
MF-727280,11-08-2023,ST-23,P-23,3
MR-930402,18-06-2023,ST-35,P-29,7
YL-3090,19-11-2023,ST-59,P-20,9
NM-84186,02-02-2024,ST-58,P-73,8
PT-8203,07-04-2022,ST-43,P-5,10
AD-0226,20-12-2023,ST-56,P-40,9
YX-051793,27-01-2022,ST-27,P-79,10
JQ-3126,01-08-2023,ST-65,P-5,9
FK-4477,12-03-2020,ST-38,P-4,5
HJ-91990,05-06-2023,ST-60,P-16,7
AE-65240,07-04-2024,ST-46,P-13,9
RZ-732304,08-12-2023,ST-24,P-21,2
QF-78036,05-09-2023,ST-62,P-46,4
UO-90543,12-06-2024,ST-58,P-76,2
LW-369365,04-09-2024,ST-22,P-11,10
ZG-330668,20-06-2023,ST-25,P-42,6
GJ-78053,11-03-2024,ST-71,P-65,5
GI-720029,11-12-2022,ST-4,P-23,7
SD-25752,15-01-2020,ST-19,P-37,6
OE-8067,12-08-2020,ST-60,P-44,8
VN-56023,28-07-2021,ST-45,P-33,4
MN-32975,08-11-2023,ST-25,P-65,10
JZ-8532,12-05-2024,ST-8,P-1,5
IE-89039,08-10-2021,ST-20,P-35,5
FK-9565,01-04-2021,ST-32,P-53,8
IR-71312,24-04-2024,ST-6,P-39,7
TA-131408,08-02-2023,ST-68,P-33,4
WP-1605,24-01-2022,ST-60,P-37,8
DQ-798561,14-04-2022,ST-21,P-31,2
GV-434519,01-11-2023,ST-6,P-65,1
GZ-35437,20-07-2022,ST-23,P-8,9
FK-5767,24-08-2021,ST-70,P-12,7
NX-2000,16-04-2022,ST-69,P-81,2
WP-26232,13-04-2020,ST-33,P-89,10
HA-8122,04-03-2021,ST-39,P-49,3
RU-9932,27-01-2024,ST-43,P-20,9
AK-692793,13-05-2021,ST-13,P-71,4
TX-050977,05-07-2021,ST-40,P-62,7
OQ-7275,20-10-2023,ST-53,P-53,8
WZ-123173,25-10-2022,ST-53,P-58,1
PK-9404,28-09-2020,ST-36,P-71,4
CS-4010,29-07-2021,ST-19,P-69,4
PG-75085,22-03-2020,ST-47,P-10,1
MZ-2656,23-04-2021,ST-41,P-5,8
OH-8878,11-04-2023,ST-16,P-50,2
PK-10987,17-11-2021,ST-26,P-54,5
ST-74112,28-01-2020,ST-2,P-43,8
AK-78646,02-04-2023,ST-8,P-30,2
UY-83167,12-04-2022,ST-53,P-35,9
EJ-793807,27-06-2021,ST-10,P-6,6
UU-62089,09-02-2024,ST-9,P-53,7
WS-65555,12-07-2024,ST-10,P-47,9
XU-01315,16-10-2022,ST-44,P-20,4
FQ-75371,10-08-2021,ST-38,P-87,7
ZD-0145,27-03-2022,ST-1,P-13,1
ZW-143510,08-05-2021,ST-30,P-46,1
ZR-6277,29-12-2022,ST-58,P-71,5
YK-980848,01-11-2023,ST-55,P-8,4
UG-1530,25-07-2023,ST-34,P-33,8
FH-936127,09-09-2020,ST-71,P-6,7
YV-6935,06-05-2023,ST-44,P-86,8
TT-2877,06-08-2024,ST-30,P-47,5
LP-5168,06-03-2022,ST-65,P-83,1
UX-683747,04-10-2023,ST-46,P-46,10
ZI-277612,31-07-2024,ST-47,P-70,6
NG-91184,04-05-2021,ST-58,P-8,1
LI-49469,31-10-2021,ST-29,P-48,8
ZM-8842,03-04-2023,ST-39,P-71,9
OA-777442,27-12-2023,ST-43,P-81,1
SV-9762,11-03-2022,ST-24,P-48,4
IW-031460,06-10-2021,ST-9,P-80,2
SL-40870,11-01-2023,ST-26,P-24,10
TM-11143,06-04-2020,ST-22,P-23,5
HM-48088,26-06-2024,ST-50,P-2,8
YF-496947,30-06-2021,ST-46,P-88,5
MH-354759,23-06-2020,ST-7,P-50,10
VA-03143,30-07-2020,ST-51,P-37,2
NQ-5646,28-02-2020,ST-24,P-50,8
HA-482174,27-07-2024,ST-41,P-46,4
OF-367788,18-10-2024,ST-62,P-31,6
LR-6574,01-02-2023,ST-43,P-76,6
LC-0697,21-03-2020,ST-56,P-29,7
ZJ-204042,04-04-2023,ST-1,P-69,2
ML-17123,21-09-2023,ST-55,P-30,4
GO-820081,30-05-2021,ST-54,P-22,5
FJ-07443,28-08-2021,ST-45,P-33,4
KH-633994,10-01-2021,ST-75,P-11,1
AR-0049,31-03-2023,ST-28,P-88,6
OF-95900,03-12-2020,ST-10,P-89,5
EP-38815,30-12-2021,ST-52,P-22,5
PT-513471,27-11-2023,ST-16,P-67,5
SV-66814,11-11-2020,ST-58,P-73,10
IS-776769,14-05-2024,ST-23,P-59,4
XK-017722,28-03-2022,ST-36,P-64,6
FX-0451,22-08-2020,ST-75,P-83,3
HS-3799,04-04-2021,ST-17,P-24,2
OV-8946,08-03-2020,ST-67,P-85,2
CC-2959,31-07-2023,ST-71,P-15,8
RT-202519,31-05-2023,ST-54,P-35,7
WL-23384,14-04-2024,ST-45,P-2,5
DN-398237,22-08-2023,ST-75,P-10,6
PJ-4562,30-06-2024,ST-59,P-7,4
NJ-83277,28-06-2024,ST-59,P-17,8
DQ-401212,11-09-2024,ST-51,P-71,8
KX-7269,16-12-2020,ST-35,P-57,10
JY-0944,12-12-2022,ST-6,P-15,4
EK-70734,11-01-2020,ST-39,P-5,9
IW-727503,07-02-2021,ST-53,P-84,3
BM-335675,02-06-2021,ST-26,P-69,9
IR-0016,18-02-2023,ST-58,P-19,2
FF-387920,11-03-2024,ST-59,P-58,9
DP-34977,03-10-2022,ST-63,P-61,5
